Workbook

Sheet Inputs
A1: Parameter | B1: Symbol | C1: Value | E1: McCabe–Thiele Method (Constant Relative Volatility)
A2: Relative Volatility | B2: α | C2: 2.5 | M2: Project By-
A3: Feed Composition | B3: zF | C3: 0.36 | M3: Aksar Kumar
A4: Distillate Composition | B4: xD | C4: 0.915
A5: Bottom Composition | B5: xB | C5: 0.05
A6: Reflux Ratio | B6: R | C6: 2

Sheet McCabe Diagram
A1: x | B1: y_equib | C1: y_45 | D1: y_rect | E1: feed line | F1: y_strip | H1: strip line
A2: 0 | B2: =(Inputs!$C$2*A2)/(1+(Inputs!$C$2-1)*A2) -> 0 | C2: =A2 -> 0 | D2: =(Inputs!$C$6/(Inputs!$C$6+1))*A2 + (Inputs!$C$4/(Inputs!$C$6+1)) -> 0.305 | E2: =Inputs!$C$3 -> 0.36 | F2: =IF(A2<Inputs!$C$5, NA(), Inputs!$C$5 + $H$3*(A2 - Inputs!$C$5)) -> #N/A | H2: =(Inputs!$C$6/(Inputs!$C$6+1))*Inputs!$C$3 + (Inputs!$C$4/(Inputs!$C$6+1)) -> 0.545
A3: =(A2+0.01) -> 0.01 | B3: =(Inputs!$C$2*A3)/(1+(Inputs!$C$2-1)*A3) -> 0.024630542 | C3: =A3 -> 0.01 | D3: =(Inputs!$C$6/(Inputs!$C$6+1))*A3 + (Inputs!$C$4/(Inputs!$C$6+1)) -> 0.31166667 | E3: =Inputs!$C$3 -> 0.36 | F3: =IF(A3<Inputs!$C$5, NA(), Inputs!$C$5 + $H$3*(A3 - Inputs!$C$5)) -> #N/A | H3: =(H2 - Inputs!$C$5)/(Inputs!$C$3 - Inputs!$C$5) -> 1.5967742
A4: =(A3+0.01) -> 0.02 | B4: =(Inputs!$C$2*A4)/(1+(Inputs!$C$2-1)*A4) -> 0.048543689 | C4: =A4 -> 0.02 | D4: =(Inputs!$C$6/(Inputs!$C$6+1))*A4 + (Inputs!$C$4/(Inputs!$C$6+1)) -> 0.31833333 | E4: =Inputs!$C$3 -> 0.36 | F4: =IF(A4<Inputs!$C$5, NA(), Inputs!$C$5 + $H$3*(A4 - Inputs!$C$5)) -> #N/A
A5: =(A4+0.01) -> 0.03 | B5: =(Inputs!$C$2*A5)/(1+(Inputs!$C$2-1)*A5) -> 0.071770335 | C5: =A5 -> 0.03 | D5: =(Inputs!$C$6/(Inputs!$C$6+1))*A5 + (Inputs!$C$4/(Inputs!$C$6+1)) -> 0.325 | E5: =Inputs!$C$3 -> 0.36 | F5: =IF(A5<Inputs!$C$5, NA(), Inputs!$C$5 + $H$3*(A5 - Inputs!$C$5)) -> #N/A
A6: =(A5+0.01) -> 0.04 | B6: =(Inputs!$C$2*A6)/(1+(Inputs!$C$2-1)*A6) -> 0.094339623 | C6: =A6 -> 0.04 | D6: =(Inputs!$C$6/(Inputs!$C$6+1))*A6 + (Inputs!$C$4/(Inputs!$C$6+1)) -> 0.33166667 | E6: =Inputs!$C$3 -> 0.36 | F6: =IF(A6<Inputs!$C$5, NA(), Inputs!$C$5 + $H$3*(A6 - Inputs!$C$5)) -> #N/A
A7: =(A6+0.01) -> 0.05 | B7: =(Inputs!$C$2*A7)/(1+(Inputs!$C$2-1)*A7) -> 0.11627907 | C7: =A7 -> 0.05 | D7: =(Inputs!$C$6/(Inputs!$C$6+1))*A7 + (Inputs!$C$4/(Inputs!$C$6+1)) -> 0.33833333 | E7: =Inputs!$C$3 -> 0.36 | F7: =IF(A7<Inputs!$C$5, NA(), Inputs!$C$5 + $H$3*(A7 - Inputs!$C$5)) -> 0.05
A8: =(A7+0.01) -> 0.06 | B8: =(Inputs!$C$2*A8)/(1+(Inputs!$C$2-1)*A8) -> 0.13761468 | C8: =A8 -> 0.06 | D8: =(Inputs!$C$6/(Inputs!$C$6+1))*A8 + (Inputs!$C$4/(Inputs!$C$6+1)) -> 0.345 | E8: =Inputs!$C$3 -> 0.36 | F8: =IF(A8<Inputs!$C$5, NA(), Inputs!$C$5 + $H$3*(A8 - Inputs!$C$5)) -> 0.065967742
A9: =(A8+0.01) -> 0.07 | B9: =(Inputs!$C$2*A9)/(1+(Inputs!$C$2-1)*A9) -> 0.15837104 | C9: =A9 -> 0.07 | D9: =(Inputs!$C$6/(Inputs!$C$6+1))*A9 + (Inputs!$C$4/(Inputs!$C$6+1)) -> 0.35166667 | E9: =Inputs!$C$3 -> 0.36 | F9: =IF(A9<Inputs!$C$5, NA(), Inputs!$C$5 + $H$3*(A9 - Inputs!$C$5)) -> 0.081935484
A10: =(A9+0.01) -> 0.08 | B10: =(Inputs!$C$2*A10)/(1+(Inputs!$C$2-1)*A10) -> 0.17857143 | C10: =A10 -> 0.08 | D10: =(Inputs!$C$6/(Inputs!$C$6+1))*A10 + (Inputs!$C$4/(Inputs!$C$6+1)) -> 0.35833333 | E10: =Inputs!$C$3 -> 0.36 | F10: =IF(A10<Inputs!$C$5, NA(), Inputs!$C$5 + $H$3*(A10 - Inputs!$C$5)) -> 0.097903226
A11: =(A10+0.01) -> 0.09 | B11: =(Inputs!$C$2*A11)/(1+(Inputs!$C$2-1)*A11) -> 0.19823789 | C11: =A11 -> 0.09 | D11: =(Inputs!$C$6/(Inputs!$C$6+1))*A11 + (Inputs!$C$4/(Inputs!$C$6+1)) -> 0.365 | E11: =Inputs!$C$3 -> 0.36 | F11: =IF(A11<Inputs!$C$5, NA(), Inputs!$C$5 + $H$3*(A11 - Inputs!$C$5)) -> 0.11387097
A12: =(A11+0.01) -> 0.1 | B12: =(Inputs!$C$2*A12)/(1+(Inputs!$C$2-1)*A12) -> 0.2173913 | C12: =A12 -> 0.1 | D12: =(Inputs!$C$6/(Inputs!$C$6+1))*A12 + (Inputs!$C$4/(Inputs!$C$6+1)) -> 0.37166667 | E12: =Inputs!$C$3 -> 0.36 | F12: =IF(A12<Inputs!$C$5, NA(), Inputs!$C$5 + $H$3*(A12 - Inputs!$C$5)) -> 0.12983871
A13: =(A12+0.01) -> 0.11 | B13: =(Inputs!$C$2*A13)/(1+(Inputs!$C$2-1)*A13) -> 0.2360515 | C13: =A13 -> 0.11 | D13: =(Inputs!$C$6/(Inputs!$C$6+1))*A13 + (Inputs!$C$4/(Inputs!$C$6+1)) -> 0.37833333 | E13: =Inputs!$C$3 -> 0.36 | F13: =IF(A13<Inputs!$C$5, NA(), Inputs!$C$5 + $H$3*(A13 - Inputs!$C$5)) -> 0.14580645
A14: =(A13+0.01) -> 0.12 | B14: =(Inputs!$C$2*A14)/(1+(Inputs!$C$2-1)*A14) -> 0.25423729 | C14: =A14 -> 0.12 | D14: =(Inputs!$C$6/(Inputs!$C$6+1))*A14 + (Inputs!$C$4/(Inputs!$C$6+1)) -> 0.385 | E14: =Inputs!$C$3 -> 0.36 | F14: =IF(A14<Inputs!$C$5, NA(), Inputs!$C$5 + $H$3*(A14 - Inputs!$C$5)) -> 0.16177419
A15: =(A14+0.01) -> 0.13 | B15: =(Inputs!$C$2*A15)/(1+(Inputs!$C$2-1)*A15) -> 0.27196653 | C15: =A15 -> 0.13 | D15: =(Inputs!$C$6/(Inputs!$C$6+1))*A15 + (Inputs!$C$4/(Inputs!$C$6+1)) -> 0.39166667 | E15: =Inputs!$C$3 -> 0.36 | F15: =IF(A15<Inputs!$C$5, NA(), Inputs!$C$5 + $H$3*(A15 - Inputs!$C$5)) -> 0.17774194
... A26: =(A25+0.01) -> 0.24 | B26: =(Inputs!$C$2*A26)/(1+(Inputs!$C$2-1)*A26) -> 0.44117647 | C26: =A26 -> 0.24 | D26: =(Inputs!$C$6/(Inputs!$C$6+1))*A26 + (Inputs!$C$4/(Inputs!$C$6+1)) -> 0.465 | E26: =Inputs!$C$3 -> 0.36 | F26: =IF(A26<Inputs!$C$5, NA(), Inputs!$C$5 + $H$3*(A26 - Inputs!$C$5)) -> 0.3533871
A27: =(A26+0.01) -> 0.25 | B27: =(Inputs!$C$2*A27)/(1+(Inputs!$C$2-1)*A27) -> 0.45454545 | C27: =A27 -> 0.25 | D27: =(Inputs!$C$6/(Inputs!$C$6+1))*A27 + (Inputs!$C$4/(Inputs!$C$6+1)) -> 0.47166667 | E27: =Inputs!$C$3 -> 0.36 | F27: =IF(A27<Inputs!$C$5, NA(), Inputs!$C$5 + $H$3*(A27 - Inputs!$C$5)) -> 0.36935484 | K27: After Manually Drawing steps:
A28: =(A27+0.01) -> 0.26 | B28: =(Inputs!$C$2*A28)/(1+(Inputs!$C$2-1)*A28) -> 0.4676259 | C28: =A28 -> 0.26 | D28: =(Inputs!$C$6/(Inputs!$C$6+1))*A28 + (Inputs!$C$4/(Inputs!$C$6+1)) -> 0.47833333 | E28: =Inputs!$C$3 -> 0.36 | F28: =IF(A28<Inputs!$C$5, NA(), Inputs!$C$5 + $H$3*(A28 - Inputs!$C$5)) -> 0.38532258 | K28: steps = 7
A29: =(A28+0.01) -> 0.27 | B29: =(Inputs!$C$2*A29)/(1+(Inputs!$C$2-1)*A29) -> 0.48042705 | C29: =A29 -> 0.27 | D29: =(Inputs!$C$6/(Inputs!$C$6+1))*A29 + (Inputs!$C$4/(Inputs!$C$6+1)) -> 0.485 | E29: =Inputs!$C$3 -> 0.36 | F29: =IF(A29<Inputs!$C$5, NA(), Inputs!$C$5 + $H$3*(A29 - Inputs!$C$5)) -> 0.40129032
A30: =(A29+0.01) -> 0.28 | B30: =(Inputs!$C$2*A30)/(1+(Inputs!$C$2-1)*A30) -> 0.49295775 | C30: =A30 -> 0.28 | D30: =(Inputs!$C$6/(Inputs!$C$6+1))*A30 + (Inputs!$C$4/(Inputs!$C$6+1)) -> 0.49166667 | E30: =Inputs!$C$3 -> 0.36 | F30: =IF(A30<Inputs!$C$5, NA(), Inputs!$C$5 + $H$3*(A30 - Inputs!$C$5)) -> 0.41725806
A31: =(A30+0.01) -> 0.29 | B31: =(Inputs!$C$2*A31)/(1+(Inputs!$C$2-1)*A31) -> 0.50522648 | C31: =A31 -> 0.29 | D31: =(Inputs!$C$6/(Inputs!$C$6+1))*A31 + (Inputs!$C$4/(Inputs!$C$6+1)) -> 0.49833333 | E31: =Inputs!$C$3 -> 0.36 | F31: =IF(A31<Inputs!$C$5, NA(), Inputs!$C$5 + $H$3*(A31 - Inputs!$C$5)) -> 0.43322581
A32: =(A31+0.01) -> 0.3 | B32: =(Inputs!$C$2*A32)/(1+(Inputs!$C$2-1)*A32) -> 0.51724138 | C32: =A32 -> 0.3 | D32: =(Inputs!$C$6/(Inputs!$C$6+1))*A32 + (Inputs!$C$4/(Inputs!$C$6+1)) -> 0.505 | E32: =Inputs!$C$3 -> 0.36 | F32: =IF(A32<Inputs!$C$5, NA(), Inputs!$C$5 + $H$3*(A32 - Inputs!$C$5)) -> 0.44919355
A33: =(A32+0.01) -> 0.31 | B33: =(Inputs!$C$2*A33)/(1+(Inputs!$C$2-1)*A33) -> 0.52901024 | C33: =A33 -> 0.31 | D33: =(Inputs!$C$6/(Inputs!$C$6+1))*A33 + (Inputs!$C$4/(Inputs!$C$6+1)) -> 0.51166667 | E33: =Inputs!$C$3 -> 0.36 | F33: =IF(A33<Inputs!$C$5, NA(), Inputs!$C$5 + $H$3*(A33 - Inputs!$C$5)) -> 0.46516129
A34: =(A33+0.01) -> 0.32 | B34: =(Inputs!$C$2*A34)/(1+(Inputs!$C$2-1)*A34) -> 0.54054054 | C34: =A34 -> 0.32 | D34: =(Inputs!$C$6/(Inputs!$C$6+1))*A34 + (Inputs!$C$4/(Inputs!$C$6+1)) -> 0.51833333 | E34: =Inputs!$C$3 -> 0.36 | F34: =IF(A34<Inputs!$C$5, NA(), Inputs!$C$5 + $H$3*(A34 - Inputs!$C$5)) -> 0.48112903
A35: =(A34+0.01) -> 0.33 | B35: =(Inputs!$C$2*A35)/(1+(Inputs!$C$2-1)*A35) -> 0.55183946 | C35: =A35 -> 0.33 | D35: =(Inputs!$C$6/(Inputs!$C$6+1))*A35 + (Inputs!$C$4/(Inputs!$C$6+1)) -> 0.525 | E35: =Inputs!$C$3 -> 0.36 | F35: =IF(A35<Inputs!$C$5, NA(), Inputs!$C$5 + $H$3*(A35 - Inputs!$C$5)) -> 0.49709677
A36: =(A35+0.01) -> 0.34 | B36: =(Inputs!$C$2*A36)/(1+(Inputs!$C$2-1)*A36) -> 0.56291391 | C36: =A36 -> 0.34 | D36: =(Inputs!$C$6/(Inputs!$C$6+1))*A36 + (Inputs!$C$4/(Inputs!$C$6+1)) -> 0.53166667 | E36: =Inputs!$C$3 -> 0.36 | F36: =IF(A36<Inputs!$C$5, NA(), Inputs!$C$5 + $H$3*(A36 - Inputs!$C$5)) -> 0.51306452
A37: =(A36+0.01) -> 0.35 | B37: =(Inputs!$C$2*A37)/(1+(Inputs!$C$2-1)*A37) -> 0.57377049 | C37: =A37 -> 0.35 | D37: =(Inputs!$C$6/(Inputs!$C$6+1))*A37 + (Inputs!$C$4/(Inputs!$C$6+1)) -> 0.53833333 | E37: =Inputs!$C$3 -> 0.36 | F37: =IF(A37<Inputs!$C$5, NA(), Inputs!$C$5 + $H$3*(A37 - Inputs!$C$5)) -> 0.52903226
A38: =(A37+0.01) -> 0.36 | B38: =(Inputs!$C$2*A38)/(1+(Inputs!$C$2-1)*A38) -> 0.58441558 | C38: =A38 -> 0.36 | D38: =(Inputs!$C$6/(Inputs!$C$6+1))*A38 + (Inputs!$C$4/(Inputs!$C$6+1)) -> 0.545 | E38: =Inputs!$C$3 -> 0.36 | F38: =IF(A38<Inputs!$C$5, NA(), Inputs!$C$5 + $H$3*(A38 - Inputs!$C$5)) -> 0.545
A39: =(A38+0.01) -> 0.37 | B39: =(Inputs!$C$2*A39)/(1+(Inputs!$C$2-1)*A39) -> 0.59485531 | C39: =A39 -> 0.37 | D39: =(Inputs!$C$6/(Inputs!$C$6+1))*A39 + (Inputs!$C$4/(Inputs!$C$6+1)) -> 0.55166667 | E39: =Inputs!$C$3 -> 0.36 | F39: =IF(A39<Inputs!$C$5, NA(), Inputs!$C$5 + $H$3*(A39 - Inputs!$C$5)) -> 0.56096774
A40: =(A39+0.01) -> 0.38 | B40: =(Inputs!$C$2*A40)/(1+(Inputs!$C$2-1)*A40) -> 0.60509554 | C40: =A40 -> 0.38 | D40: =(Inputs!$C$6/(Inputs!$C$6+1))*A40 + (Inputs!$C$4/(Inputs!$C$6+1)) -> 0.55833333 | E40: =Inputs!$C$3 -> 0.36 | F40: =IF(A40<Inputs!$C$5, NA(), Inputs!$C$5 + $H$3*(A40 - Inputs!$C$5)) -> 0.57693548
... A102: =(A101+0.01) -> 1 | B102: =(Inputs!$C$2*A102)/(1+(Inputs!$C$2-1)*A102) -> 1 | C102: =A102 -> 1 | D102: =(Inputs!$C$6/(Inputs!$C$6+1))*A102 + (Inputs!$C$4/(Inputs!$C$6+1)) -> 0.97166667 | E102: =Inputs!$C$3 -> 0.36 | F102: =IF(A102<Inputs!$C$5, NA(), Inputs!$C$5 + $H$3*(A102 - Inputs!$C$5)) -> 1.5669355

Sheet Sheet3
